Round Number,Date,Location,Home Team,Away Team,Result
"1","13/08/2021 20:00","Brentford Community Stadium","Brentford","Arsenal","2 - 0"
"1","14/08/2021 12:30","Old Trafford","Man Utd","Leeds","5 - 1"
"1","14/08/2021 15:00","Turf Moor","Burnley","Brighton","1 - 2"
"1","14/08/2021 15:00","Stamford Bridge","Chelsea","Crystal Palace","3 - 0"
"1","14/08/2021 15:00","Goodison Park","Everton","Southampton","3 - 1"
"1","14/08/2021 15:00","King Power Stadium","Leicester","Wolves","1 - 0"
"1","14/08/2021 15:00","Vicarage Road","Watford","Aston Villa","3 - 2"
"1","14/08/2021 17:30","Carrow Road","Norwich","Liverpool","0 - 3"
"1","15/08/2021 14:00","St. James&#39; Park","Newcastle","West Ham","2 - 4"
"1","15/08/2021 16:30","Tottenham Hotspur Stadium","Spurs","Man City","1 - 0"
"2","21/08/2021 12:30","Anfield","Liverpool","Burnley","2 - 0"
"2","21/08/2021 15:00","Villa Park","Aston Villa","Newcastle","2 - 0"
"2","21/08/2021 15:00","Selhurst Park","Crystal Palace","Brentford","0 - 0"
"2","21/08/2021 15:00","Elland Road","Leeds","Everton","2 - 2"
"2","21/08/2021 15:00","Etihad Stadium","Man City","Norwich","5 - 0"
"2","21/08/2021 17:30","Amex Stadium","Brighton","Watford","2 - 0"
"2","22/08/2021 14:00","St. Mary&#39;s Stadium","Southampton","Man Utd","1 - 1"
"2","22/08/2021 14:00","Molineux Stadium","Wolves","Spurs","0 - 1"
"2","22/08/2021 16:30","Emirates Stadium","Arsenal","Chelsea","0 - 2"
"2","23/08/2021 20:00","London Stadium","West Ham","Leicester","4 - 1"
"3","28/08/2021 12:30","Etihad Stadium","Man City","Arsenal","5 - 0"
"3","28/08/2021 15:00","Villa Park","Aston Villa","Brentford","1 - 1"
"3","28/08/2021 15:00","Amex Stadium","Brighton","Everton","0 - 2"
"3","28/08/2021 15:00","St. James&#39; Park","Newcastle","Southampton","2 - 2"
"3","28/08/2021 15:00","Carrow Road","Norwich","Leicester","1 - 2"
"3","28/08/2021 15:00","London Stadium","West Ham","Crystal Palace","2 - 2"
"3","28/08/2021 17:30","Anfield","Liverpool","Chelsea","1 - 1"
"3","29/08/2021 14:00","Turf Moor","Burnley","Leeds","1 - 1"
"3","29/08/2021 14:00","Tottenham Hotspur Stadium","Spurs","Watford","1 - 0"
"3","29/08/2021 16:30","Molineux Stadium","Wolves","Man Utd","0 - 1"
"4","11/09/2021 12:30","Selhurst Park","Crystal Palace","Spurs","3 - 0"
"4","11/09/2021 15:00","Emirates Stadium","Arsenal","Norwich","1 - 0"
"4","11/09/2021 15:00","Brentford Community Stadium","Brentford","Brighton","0 - 1"
"4","11/09/2021 15:00","King Power Stadium","Leicester","Man City","0 - 1"
"4","11/09/2021 15:00","Old Trafford","Man Utd","Newcastle","4 - 1"
"4","11/09/2021 15:00","St. Mary&#39;s Stadium","Southampton","West Ham","0 - 0"
"4","11/09/2021 15:00","Vicarage Road","Watford","Wolves","0 - 2"
"4","11/09/2021 17:30","Stamford Bridge","Chelsea","Aston Villa","3 - 0"
"4","12/09/2021 16:30","Elland Road","Leeds","Liverpool","0 - 3"
"4","13/09/2021 20:00","Goodison Park","Everton","Burnley","3 - 1"
"5","17/09/2021 20:00","St. James&#39; Park","Newcastle","Leeds","1 - 1"
"5","18/09/2021 12:30","Molineux Stadium","Wolves","Brentford","0 - 2"
"5","18/09/2021 15:00","Turf Moor","Burnley","Arsenal","0 - 1"
"5","18/09/2021 15:00","Anfield","Liverpool","Crystal Palace","3 - 0"
"5","18/09/2021 15:00","Etihad Stadium","Man City","Southampton","0 - 0"
"5","18/09/2021 15:00","Carrow Road","Norwich","Watford","1 - 3"
"5","18/09/2021 17:30","Villa Park","Aston Villa","Everton","3 - 0"
"5","19/09/2021 14:00","Amex Stadium","Brighton","Leicester","2 - 1"
"5","19/09/2021 14:00","London Stadium","West Ham","Man Utd","1 - 2"
"5","19/09/2021 16:30","Tottenham Hotspur Stadium","Spurs","Chelsea","0 - 3"
"6","25/09/2021 12:30","Stamford Bridge","Chelsea","Man City","0 - 1"
"6","25/09/2021 12:30","Old Trafford","Man Utd","Aston Villa","0 - 1"
"6","25/09/2021 15:00","Goodison Park","Everton","Norwich","2 - 0"
"6","25/09/2021 15:00","Elland Road","Leeds","West Ham","1 - 2"
"6","25/09/2021 15:00","King Power Stadium","Leicester","Burnley","2 - 2"
"6","25/09/2021 15:00","Vicarage Road","Watford","Newcastle","1 - 1"
"6","25/09/2021 17:30","Brentford Community Stadium","Brentford","Liverpool","3 - 3"
"6","26/09/2021 14:00","St. Mary&#39;s Stadium","Southampton","Wolves","0 - 1"
"6","26/09/2021 16:30","Emirates Stadium","Arsenal","Spurs","3 - 1"
"6","27/09/2021 20:00","Selhurst Park","Crystal Palace","Brighton","1 - 1"
"7","02/10/2021 12:30","Old Trafford","Man Utd","Everton","1 - 1"
"7","02/10/2021 15:00","Turf Moor","Burnley","Norwich","0 - 0"
"7","02/10/2021 15:00","Stamford Bridge","Chelsea","Southampton","3 - 1"
"7","02/10/2021 15:00","Elland Road","Leeds","Watford","1 - 0"
"7","02/10/2021 15:00","Molineux Stadium","Wolves","Newcastle","2 - 1"
"7","02/10/2021 17:30","Amex Stadium","Brighton","Arsenal","0 - 0"
"7","03/10/2021 14:00","Selhurst Park","Crystal Palace","Leicester","2 - 2"
"7","03/10/2021 14:00","Tottenham Hotspur Stadium","Spurs","Aston Villa","2 - 1"
"7","03/10/2021 14:00","London Stadium","West Ham","Brentford","1 - 2"
"7","03/10/2021 16:30","Anfield","Liverpool","Man City","2 - 2"
"8","16/10/2021 12:30","Vicarage Road","Watford","Liverpool","0 - 5"
"8","16/10/2021 15:00","Villa Park","Aston Villa","Wolves","2 - 3"
"8","16/10/2021 15:00","King Power Stadium","Leicester","Man Utd","4 - 2"
"8","16/10/2021 15:00","Etihad Stadium","Man City","Burnley","2 - 0"
"8","16/10/2021 15:00","Carrow Road","Norwich","Brighton","0 - 0"
"8","16/10/2021 15:00","St. Mary&#39;s Stadium","Southampton","Leeds","1 - 0"
"8","16/10/2021 17:30","Brentford Community Stadium","Brentford","Chelsea","0 - 1"
"8","17/10/2021 14:00","Goodison Park","Everton","West Ham","0 - 1"
"8","17/10/2021 16:30","St. James&#39; Park","Newcastle","Spurs","2 - 3"
"8","18/10/2021 20:00","Emirates Stadium","Arsenal","Crystal Palace","2 - 2"
"9","22/10/2021 20:00","Emirates Stadium","Arsenal","Aston Villa","3 - 1"
"9","23/10/2021 12:30","Stamford Bridge","Chelsea","Norwich","7 - 0"
"9","23/10/2021 15:00","Selhurst Park","Crystal Palace","Newcastle","1 - 1"
"9","23/10/2021 15:00","Goodison Park","Everton","Watford","2 - 5"
"9","23/10/2021 15:00","Elland Road","Leeds","Wolves","1 - 1"
"9","23/10/2021 15:00","St. Mary&#39;s Stadium","Southampton","Burnley","2 - 2"
"9","23/10/2021 17:30","Amex Stadium","Brighton","Man City","1 - 4"
"9","24/10/2021 14:00","Brentford Community Stadium","Brentford","Leicester","1 - 2"
"9","24/10/2021 14:00","London Stadium","West Ham","Spurs","1 - 0"
"9","24/10/2021 16:30","Old Trafford","Man Utd","Liverpool","0 - 5"
"10","30/10/2021 12:30","King Power Stadium","Leicester","Arsenal","0 - 2"
"10","30/10/2021 15:00","Turf Moor","Burnley","Brentford","3 - 1"
"10","30/10/2021 15:00","Anfield","Liverpool","Brighton","2 - 2"
"10","30/10/2021 15:00","Etihad Stadium","Man City","Crystal Palace","0 - 2"
"10","30/10/2021 15:00","St. James&#39; Park","Newcastle","Chelsea","0 - 3"
"10","30/10/2021 15:00","Vicarage Road","Watford","Southampton","0 - 1"
"10","30/10/2021 17:30","Tottenham Hotspur Stadium","Spurs","Man Utd","0 - 3"
"10","31/10/2021 14:00","Carrow Road","Norwich","Leeds","1 - 2"
"10","31/10/2021 16:30","Villa Park","Aston Villa","West Ham","1 - 4"
"10","01/11/2021 20:00","Molineux Stadium","Wolves","Everton","2 - 1"
"11","05/11/2021 20:00","St. Mary&#39;s Stadium","Southampton","Aston Villa","1 - 0"
"11","06/11/2021 12:30","Old Trafford","Man Utd","Man City","0 - 2"
"11","06/11/2021 15:00","Brentford Community Stadium","Brentford","Norwich","1 - 2"
"11","06/11/2021 15:00","Stamford Bridge","Chelsea","Burnley","1 - 1"
"11","06/11/2021 15:00","Selhurst Park","Crystal Palace","Wolves","2 - 0"
"11","06/11/2021 17:30","Amex Stadium","Brighton","Newcastle","1 - 1"
"11","07/11/2021 14:00","Emirates Stadium","Arsenal","Watford","1 - 0"
"11","07/11/2021 14:00","Goodison Park","Everton","Spurs","0 - 0"
"11","07/11/2021 14:00","Elland Road","Leeds","Leicester","1 - 1"
"11","07/11/2021 16:30","London Stadium","West Ham","Liverpool","3 - 2"
"12","20/11/2021 12:30","King Power Stadium","Leicester","Chelsea","0 - 3"
"12","20/11/2021 15:00","Villa Park","Aston Villa","Brighton","2 - 0"
"12","20/11/2021 15:00","Turf Moor","Burnley","Crystal Palace","3 - 3"
"12","20/11/2021 15:00","St. James&#39; Park","Newcastle","Brentford","3 - 3"
"12","20/11/2021 15:00","Carrow Road","Norwich","Southampton","2 - 1"
"12","20/11/2021 15:00","Vicarage Road","Watford","Man Utd","4 - 1"
"12","20/11/2021 15:00","Molineux Stadium","Wolves","West Ham","1 - 0"
"12","20/11/2021 17:30","Anfield","Liverpool","Arsenal","4 - 0"
"12","21/11/2021 14:00","Etihad Stadium","Man City","Everton","3 - 0"
"12","21/11/2021 16:30","Tottenham Hotspur Stadium","Spurs","Leeds","2 - 1"
"13","27/11/2021 12:30","Emirates Stadium","Arsenal","Newcastle","2 - 0"
"13","27/11/2021 15:00","Selhurst Park","Crystal Palace","Aston Villa","1 - 2"
"13","27/11/2021 15:00","Anfield","Liverpool","Southampton","4 - 0"
"13","27/11/2021 15:00","Carrow Road","Norwich","Wolves","0 - 0"
"13","27/11/2021 17:30","Amex Stadium","Brighton","Leeds","0 - 0"
"13","28/11/2021 14:00","Brentford Community Stadium","Brentford","Everton","1 - 0"
"13","28/11/2021 14:00","King Power Stadium","Leicester","Watford","4 - 2"
"13","28/11/2021 14:00","Etihad Stadium","Man City","West Ham","2 - 1"
"13","28/11/2021 16:30","Stamford Bridge","Chelsea","Man Utd","1 - 1"
"13","23/02/2022 19:30","Turf Moor","Burnley","Spurs","1 - 0"
"14","30/11/2021 19:30","St. James&#39; Park","Newcastle","Norwich","1 - 1"
"14","30/11/2021 20:15","Elland Road","Leeds","Crystal Palace","1 - 0"
"14","01/12/2021 19:30","Vicarage Road","Watford","Chelsea","1 - 2"
"14","01/12/2021 19:30","London Stadium","West Ham","Brighton","1 - 1"
"14","01/12/2021 19:30","Molineux Stadium","Wolves","Burnley","0 - 0"
"14","01/12/2021 19:30","St. Mary&#39;s Stadium","Southampton","Leicester","2 - 2"
"14","01/12/2021 20:15","Villa Park","Aston Villa","Man City","1 - 2"
"14","01/12/2021 20:15","Goodison Park","Everton","Liverpool","1 - 4"
"14","02/12/2021 19:30","Tottenham Hotspur Stadium","Spurs","Brentford","2 - 0"
"14","02/12/2021 20:15","Old Trafford","Man Utd","Arsenal","3 - 2"
"15","04/12/2021 12:30","London Stadium","West Ham","Chelsea","3 - 2"
"15","04/12/2021 15:00","St. James&#39; Park","Newcastle","Burnley","1 - 0"
"15","04/12/2021 15:00","St. Mary&#39;s Stadium","Southampton","Brighton","1 - 1"
"15","04/12/2021 15:00","Molineux Stadium","Wolves","Liverpool","0 - 1"
"15","04/12/2021 17:30","Vicarage Road","Watford","Man City","1 - 3"
"15","05/12/2021 14:00","Elland Road","Leeds","Brentford","2 - 2"
"15","05/12/2021 14:00","Old Trafford","Man Utd","Crystal Palace","1 - 0"
"15","05/12/2021 14:00","Tottenham Hotspur Stadium","Spurs","Norwich","3 - 0"
"15","05/12/2021 16:30","Villa Park","Aston Villa","Leicester","2 - 1"
"15","06/12/2021 20:00","Goodison Park","Everton","Arsenal","2 - 1"
"16","10/12/2021 20:00","Brentford Community Stadium","Brentford","Watford","2 - 1"
"16","11/12/2021 12:30","Etihad Stadium","Man City","Wolves","1 - 0"
"16","11/12/2021 15:00","Emirates Stadium","Arsenal","Southampton","3 - 0"
"16","11/12/2021 15:00","Stamford Bridge","Chelsea","Leeds","3 - 2"
"16","11/12/2021 15:00","Anfield","Liverpool","Aston Villa","1 - 0"
"16","11/12/2021 17:30","Carrow Road","Norwich","Man Utd","0 - 1"
"16","12/12/2021 14:00","Turf Moor","Burnley","West Ham","0 - 0"
"16","12/12/2021 14:00","King Power Stadium","Leicester","Newcastle","4 - 0"
"16","12/12/2021 16:30","Selhurst Park","Crystal Palace","Everton","3 - 1"
"16","16/03/2022 19:30","Amex Stadium","Brighton","Spurs","0 - 2"
"17","14/12/2021 19:45","Carrow Road","Norwich","Aston Villa","0 - 2"
"17","14/12/2021 20:00","Etihad Stadium","Man City","Leeds","7 - 0"
"17","15/12/2021 19:30","Amex Stadium","Brighton","Wolves","0 - 1"
"17","15/12/2021 19:30","Selhurst Park","Crystal Palace","Southampton","2 - 2"
"17","15/12/2021 20:00","Emirates Stadium","Arsenal","West Ham","2 - 0"
"17","16/12/2021 19:45","Stamford Bridge","Chelsea","Everton","1 - 1"
"17","16/12/2021 20:00","Anfield","Liverpool","Newcastle","3 - 1"
"17","19/01/2022 19:30","King Power Stadium","Leicester","Spurs","2 - 3"
"17","19/01/2022 20:00","Brentford Community Stadium","Brentford","Man Utd","1 - 3"
"17","05/02/2022 18:00","Turf Moor","Burnley","Watford","0 - 0"
"18","18/12/2021 17:30","Elland Road","Leeds","Arsenal","1 - 4"
"18","19/12/2021 14:00","St. James&#39; Park","Newcastle","Man City","0 - 4"
"18","19/12/2021 14:00","Molineux Stadium","Wolves","Chelsea","0 - 0"
"18","19/12/2021 16:30","Tottenham Hotspur Stadium","Spurs","Liverpool","2 - 2"
"18","11/01/2022 19:45","St. Mary&#39;s Stadium","Southampton","Brentford","4 - 1"
"18","12/01/2022 19:45","London Stadium","West Ham","Norwich","2 - 0"
"18","15/02/2022 20:15","Old Trafford","Man Utd","Brighton","2 - 0"
"18","23/02/2022 19:30","Vicarage Road","Watford","Crystal Palace","1 - 4"
"18","20/04/2022 19:45","Goodison Park","Everton","Leicester","1 - 1"
"19","26/12/2021 15:00","Etihad Stadium","Man City","Leicester","6 - 3"
"19","26/12/2021 15:00","Carrow Road","Norwich","Arsenal","0 - 5"
"19","26/12/2021 15:00","Tottenham Hotspur Stadium","Spurs","Crystal Palace","3 - 0"
"19","26/12/2021 15:00","London Stadium","West Ham","Southampton","2 - 3"
"19","26/12/2021 17:30","Villa Park","Aston Villa","Chelsea","1 - 3"
"19","26/12/2021 20:00","Amex Stadium","Brighton","Brentford","2 - 0"
"19","27/12/2021 20:00","St. James&#39; Park","Newcastle","Man Utd","1 - 1"
"19","23/02/2022 19:45","Anfield","Liverpool","Leeds","6 - 0"
"19","10/03/2022 19:30","Molineux Stadium","Wolves","Watford","4 - 0"
"19","06/04/2022 19:30","Turf Moor","Burnley","Everton","3 - 2"
"20","28/12/2021 15:00","Selhurst Park","Crystal Palace","Norwich","3 - 0"
"20","28/12/2021 15:00","St. Mary&#39;s Stadium","Southampton","Spurs","1 - 1"
"20","28/12/2021 15:00","Vicarage Road","Watford","West Ham","1 - 4"
"20","28/12/2021 20:00","King Power Stadium","Leicester","Liverpool","1 - 0"
"20","29/12/2021 19:30","Stamford Bridge","Chelsea","Brighton","1 - 1"
"20","29/12/2021 20:15","Brentford Community Stadium","Brentford","Man City","0 - 1"
"20","30/12/2021 20:15","Old Trafford","Man Utd","Burnley","3 - 1"
"20","24/02/2022 19:45","Emirates Stadium","Arsenal","Wolves","2 - 1"
"20","10/03/2022 19:45","Elland Road","Leeds","Aston Villa","0 - 3"
"20","17/03/2022 19:45","Goodison Park","Everton","Newcastle","1 - 0"
"21","01/01/2022 12:30","Emirates Stadium","Arsenal","Man City","1 - 2"
"21","01/01/2022 15:00","Vicarage Road","Watford","Spurs","0 - 1"
"21","01/01/2022 17:30","Selhurst Park","Crystal Palace","West Ham","2 - 3"
"21","02/01/2022 14:00","Brentford Community Stadium","Brentford","Aston Villa","2 - 1"
"21","02/01/2022 14:00","Goodison Park","Everton","Brighton","2 - 3"
"21","02/01/2022 14:00","Elland Road","Leeds","Burnley","3 - 1"
"21","02/01/2022 16:30","Stamford Bridge","Chelsea","Liverpool","2 - 2"
"21","03/01/2022 17:30","Old Trafford","Man Utd","Wolves","0 - 1"
"21","10/03/2022 19:30","St. Mary&#39;s Stadium","Southampton","Newcastle","1 - 2"
"21","11/05/2022 19:45","King Power Stadium","Leicester","Norwich","3 - 0"
"22","14/01/2022 20:00","Amex Stadium","Brighton","Crystal Palace","1 - 1"
"22","15/01/2022 12:30","Etihad Stadium","Man City","Chelsea","1 - 0"
"22","15/01/2022 15:00","St. James&#39; Park","Newcastle","Watford","1 - 1"
"22","15/01/2022 15:00","Carrow Road","Norwich","Everton","2 - 1"
"22","15/01/2022 15:00","Molineux Stadium","Wolves","Southampton","3 - 1"
"22","15/01/2022 17:30","Villa Park","Aston Villa","Man Utd","2 - 2"
"22","16/01/2022 14:00","Anfield","Liverpool","Brentford","3 - 0"
"22","16/01/2022 14:00","London Stadium","West Ham","Leeds","2 - 3"
"22","01/03/2022 19:45","Turf Moor","Burnley","Leicester","0 - 2"
"22","12/05/2022 19:45","Tottenham Hotspur Stadium","Spurs","Arsenal","3 - 0"
"23","21/01/2022 20:00","Vicarage Road","Watford","Norwich","0 - 3"
"23","22/01/2022 12:30","Goodison Park","Everton","Aston Villa","0 - 1"
"23","22/01/2022 15:00","Brentford Community Stadium","Brentford","Wolves","1 - 2"
"23","22/01/2022 15:00","Elland Road","Leeds","Newcastle","0 - 1"
"23","22/01/2022 15:00","Old Trafford","Man Utd","West Ham","1 - 0"
"23","22/01/2022 17:30","St. Mary&#39;s Stadium","Southampton","Man City","1 - 1"
"23","23/01/2022 14:00","Emirates Stadium","Arsenal","Burnley","0 - 0"
"23","23/01/2022 14:00","Selhurst Park","Crystal Palace","Liverpool","1 - 3"
"23","23/01/2022 14:00","King Power Stadium","Leicester","Brighton","1 - 1"
"23","23/01/2022 16:30","Stamford Bridge","Chelsea","Spurs","2 - 0"
"24","18/01/2022 20:00","Amex Stadium","Brighton","Chelsea","1 - 1"
"24","08/02/2022 19:45","London Stadium","West Ham","Watford","1 - 0"
"24","08/02/2022 19:45","St. James&#39; Park","Newcastle","Everton","3 - 1"
"24","08/02/2022 20:00","Turf Moor","Burnley","Man Utd","1 - 1"
"24","09/02/2022 19:45","Carrow Road","Norwich","Crystal Palace","1 - 1"
"24","09/02/2022 19:45","Tottenham Hotspur Stadium","Spurs","Southampton","2 - 3"
"24","09/02/2022 19:45","Etihad Stadium","Man City","Brentford","2 - 0"
"24","09/02/2022 20:00","Villa Park","Aston Villa","Leeds","3 - 3"
"24","10/02/2022 19:45","Molineux Stadium","Wolves","Arsenal","0 - 1"
"24","10/02/2022 19:45","Anfield","Liverpool","Leicester","2 - 0"
"25","12/02/2022 12:30","Old Trafford","Man Utd","Southampton","1 - 1"
"25","12/02/2022 15:00","Brentford Community Stadium","Brentford","Crystal Palace","0 - 0"
"25","12/02/2022 15:00","Goodison Park","Everton","Leeds","3 - 0"
"25","12/02/2022 15:00","Vicarage Road","Watford","Brighton","0 - 2"
"25","12/02/2022 17:30","Carrow Road","Norwich","Man City","0 - 4"
"25","13/02/2022 14:00","Turf Moor","Burnley","Liverpool","0 - 1"
"25","13/02/2022 14:00","St. James&#39; Park","Newcastle","Aston Villa","1 - 0"
"25","13/02/2022 14:00","Tottenham Hotspur Stadium","Spurs","Wolves","0 - 2"
"25","13/02/2022 16:30","King Power Stadium","Leicester","West Ham","2 - 2"
"25","20/04/2022 19:45","Stamford Bridge","Chelsea","Arsenal","2 - 4"
"26","19/02/2022 12:30","London Stadium","West Ham","Newcastle","1 - 1"
"26","19/02/2022 15:00","Emirates Stadium","Arsenal","Brentford","2 - 1"
"26","19/02/2022 15:00","Villa Park","Aston Villa","Watford","0 - 1"
"26","19/02/2022 15:00","Amex Stadium","Brighton","Burnley","0 - 3"
"26","19/02/2022 15:00","Selhurst Park","Crystal Palace","Chelsea","0 - 1"
"26","19/02/2022 15:00","Anfield","Liverpool","Norwich","3 - 1"
"26","19/02/2022 15:00","St. Mary&#39;s Stadium","Southampton","Everton","2 - 0"
"26","19/02/2022 17:30","Etihad Stadium","Man City","Spurs","2 - 3"
"26","20/02/2022 14:00","Elland Road","Leeds","Man Utd","2 - 4"
"26","20/02/2022 16:30","Molineux Stadium","Wolves","Leicester","2 - 1"
"27","25/02/2022 20:00","St. Mary&#39;s Stadium","Southampton","Norwich","2 - 0"
"27","26/02/2022 12:30","Elland Road","Leeds","Spurs","0 - 4"
"27","26/02/2022 15:00","Brentford Community Stadium","Brentford","Newcastle","0 - 2"
"27","26/02/2022 15:00","Selhurst Park","Crystal Palace","Burnley","1 - 1"
"27","26/02/2022 15:00","Old Trafford","Man Utd","Watford","0 - 0"
"27","26/02/2022 15:30","Amex Stadium","Brighton","Aston Villa","0 - 2"
"27","26/02/2022 17:30","Goodison Park","Everton","Man City","0 - 1"
"27","27/02/2022 14:00","London Stadium","West Ham","Wolves","1 - 0"
"27","16/03/2022 20:15","Emirates Stadium","Arsenal","Liverpool","0 - 2"
"28","05/03/2022 12:30","King Power Stadium","Leicester","Leeds","1 - 0"
"28","05/03/2022 15:00","Villa Park","Aston Villa","Southampton","4 - 0"
"28","05/03/2022 15:00","Turf Moor","Burnley","Chelsea","0 - 4"
"28","05/03/2022 15:00","St. James&#39; Park","Newcastle","Brighton","2 - 1"
"28","05/03/2022 15:00","Carrow Road","Norwich","Brentford","1 - 3"
"28","05/03/2022 15:00","Molineux Stadium","Wolves","Crystal Palace","0 - 2"
"28","05/03/2022 17:30","Anfield","Liverpool","West Ham","1 - 0"
"28","06/03/2022 14:00","Vicarage Road","Watford","Arsenal","2 - 3"
"28","06/03/2022 16:30","Etihad Stadium","Man City","Man Utd","4 - 1"
"28","07/03/2022 20:00","Tottenham Hotspur Stadium","Spurs","Everton","5 - 0"
"29","12/03/2022 12:30","Amex Stadium","Brighton","Liverpool","0 - 2"
"29","12/03/2022 15:00","Brentford Community Stadium","Brentford","Burnley","2 - 0"
"29","12/03/2022 17:30","Old Trafford","Man Utd","Spurs","3 - 2"
"29","13/03/2022 14:00","Stamford Bridge","Chelsea","Newcastle","1 - 0"
"29","13/03/2022 14:00","Goodison Park","Everton","Wolves","0 - 1"
"29","13/03/2022 14:00","Elland Road","Leeds","Norwich","2 - 1"
"29","13/03/2022 14:00","St. Mary&#39;s Stadium","Southampton","Watford","1 - 2"
"29","13/03/2022 14:00","London Stadium","West Ham","Aston Villa","2 - 1"
"29","13/03/2022 16:30","Emirates Stadium","Arsenal","Leicester","2 - 0"
"29","14/03/2022 20:00","Selhurst Park","Crystal Palace","Man City","0 - 0"
"30","10/03/2022 19:30","Carrow Road","Norwich","Chelsea","1 - 3"
"30","18/03/2022 20:00","Molineux Stadium","Wolves","Leeds","2 - 3"
"30","19/03/2022 12:30","Villa Park","Aston Villa","Arsenal","0 - 1"
"30","20/03/2022 14:00","King Power Stadium","Leicester","Brentford","2 - 1"
"30","20/03/2022 16:30","Tottenham Hotspur Stadium","Spurs","West Ham","3 - 1"
"30","19/04/2022 20:00","Anfield","Liverpool","Man Utd","4 - 0"
"30","20/04/2022 19:45","St. James&#39; Park","Newcastle","Crystal Palace","1 - 0"
"30","20/04/2022 20:00","Etihad Stadium","Man City","Brighton","3 - 0"
"30","21/04/2022 19:45","Turf Moor","Burnley","Southampton","2 - 0"
"30","11/05/2022 19:45","Vicarage Road","Watford","Everton","0 - 0"
"31","02/04/2022 12:30","Anfield","Liverpool","Watford","2 - 0"
"31","02/04/2022 15:00","Amex Stadium","Brighton","Norwich","0 - 0"
"31","02/04/2022 15:00","Turf Moor","Burnley","Man City","0 - 2"
"31","02/04/2022 15:00","Stamford Bridge","Chelsea","Brentford","1 - 4"
"31","02/04/2022 15:00","Elland Road","Leeds","Southampton","1 - 1"
"31","02/04/2022 15:00","Molineux Stadium","Wolves","Aston Villa","2 - 1"
"31","02/04/2022 17:30","Old Trafford","Man Utd","Leicester","1 - 1"
"31","03/04/2022 14:00","London Stadium","West Ham","Everton","2 - 1"
"31","03/04/2022 16:30","Tottenham Hotspur Stadium","Spurs","Newcastle","5 - 1"
"31","04/04/2022 20:00","Selhurst Park","Crystal Palace","Arsenal","3 - 0"
"32","08/04/2022 20:00","St. James&#39; Park","Newcastle","Wolves","1 - 0"
"32","09/04/2022 12:30","Goodison Park","Everton","Man Utd","1 - 0"
"32","09/04/2022 15:00","Emirates Stadium","Arsenal","Brighton","1 - 2"
"32","09/04/2022 15:00","St. Mary&#39;s Stadium","Southampton","Chelsea","0 - 6"
"32","09/04/2022 15:00","Vicarage Road","Watford","Leeds","0 - 3"
"32","09/04/2022 17:30","Villa Park","Aston Villa","Spurs","0 - 4"
"32","10/04/2022 14:00","Brentford Community Stadium","Brentford","West Ham","2 - 0"
"32","10/04/2022 14:00","King Power Stadium","Leicester","Crystal Palace","2 - 1"
"32","10/04/2022 14:00","Carrow Road","Norwich","Burnley","2 - 0"
"32","10/04/2022 16:30","Etihad Stadium","Man City","Liverpool","2 - 2"
"33","16/04/2022 12:30","Tottenham Hotspur Stadium","Spurs","Brighton","0 - 1"
"33","16/04/2022 15:00","Old Trafford","Man Utd","Norwich","3 - 2"
"33","16/04/2022 15:00","St. Mary&#39;s Stadium","Southampton","Arsenal","1 - 0"
"33","16/04/2022 15:00","Vicarage Road","Watford","Brentford","1 - 2"
"33","17/04/2022 14:15","St. James&#39; Park","Newcastle","Leicester","2 - 1"
"33","17/04/2022 14:15","London Stadium","West Ham","Burnley","1 - 1"
"33","10/05/2022 20:00","Villa Park","Aston Villa","Liverpool","1 - 2"
"33","11/05/2022 19:30","Elland Road","Leeds","Chelsea","0 - 3"
"33","11/05/2022 20:15","Molineux Stadium","Wolves","Man City","1 - 5"
"34","23/04/2022 12:30","Emirates Stadium","Arsenal","Man Utd","3 - 1"
"34","23/04/2022 15:00","King Power Stadium","Leicester","Aston Villa","0 - 0"
"34","23/04/2022 15:00","Etihad Stadium","Man City","Watford","5 - 1"
"34","23/04/2022 15:00","Carrow Road","Norwich","Newcastle","0 - 3"
"34","23/04/2022 17:30","Brentford Community Stadium","Brentford","Spurs","0 - 0"
"34","24/04/2022 14:00","Amex Stadium","Brighton","Southampton","2 - 2"
"34","24/04/2022 14:00","Turf Moor","Burnley","Wolves","1 - 0"
"34","24/04/2022 14:00","Stamford Bridge","Chelsea","West Ham","1 - 0"
"34","24/04/2022 16:30","Anfield","Liverpool","Everton","2 - 0"
"34","25/04/2022 20:00","Selhurst Park","Crystal Palace","Leeds","0 - 0"
"34","28/04/2022 19:45","Old Trafford","Man Utd","Chelsea","1 - 1"
"35","30/04/2022 12:30","St. James&#39; Park","Newcastle","Liverpool","0 - 1"
"35","30/04/2022 15:00","Villa Park","Aston Villa","Norwich","2 - 0"
"35","30/04/2022 15:00","St. Mary&#39;s Stadium","Southampton","Crystal Palace","1 - 2"
"35","30/04/2022 15:00","Vicarage Road","Watford","Burnley","1 - 2"
"35","30/04/2022 15:00","Molineux Stadium","Wolves","Brighton","0 - 3"
"35","30/04/2022 17:30","Elland Road","Leeds","Man City","0 - 4"
"35","01/05/2022 14:00","Goodison Park","Everton","Chelsea","1 - 0"
"35","01/05/2022 14:00","Tottenham Hotspur Stadium","Spurs","Leicester","3 - 1"
"35","01/05/2022 16:30","London Stadium","West Ham","Arsenal","1 - 2"
"35","02/05/2022 20:00","Old Trafford","Man Utd","Brentford","3 - 0"
"36","07/05/2022 15:00","Brentford Community Stadium","Brentford","Southampton","3 - 0"
"36","07/05/2022 15:00","Turf Moor","Burnley","Aston Villa","1 - 3"
"36","07/05/2022 15:00","Stamford Bridge","Chelsea","Wolves","2 - 2"
"36","07/05/2022 15:00","Selhurst Park","Crystal Palace","Watford","1 - 0"
"36","07/05/2022 17:30","Amex Stadium","Brighton","Man Utd","4 - 0"
"36","07/05/2022 19:45","Anfield","Liverpool","Spurs","1 - 1"
"36","08/05/2022 14:00","Emirates Stadium","Arsenal","Leeds","2 - 1"
"36","08/05/2022 14:00","King Power Stadium","Leicester","Everton","1 - 2"
"36","08/05/2022 14:00","Carrow Road","Norwich","West Ham","0 - 4"
"36","08/05/2022 16:30","Etihad Stadium","Man City","Newcastle","5 - 0"
"37","15/05/2022 12:00","Tottenham Hotspur Stadium","Spurs","Burnley","1 - 0"
"37","15/05/2022 14:00","Villa Park","Aston Villa","Crystal Palace","1 - 1"
"37","15/05/2022 14:00","Elland Road","Leeds","Brighton","1 - 1"
"37","15/05/2022 14:00","Vicarage Road","Watford","Leicester","1 - 5"
"37","15/05/2022 14:00","London Stadium","West Ham","Man City","2 - 2"
"37","15/05/2022 14:00","Molineux Stadium","Wolves","Norwich","1 - 1"
"37","15/05/2022 16:30","Goodison Park","Everton","Brentford","2 - 3"
"37","16/05/2022 20:00","St. James&#39; Park","Newcastle","Arsenal","2 - 0"
"37","17/05/2022 19:45","St. Mary&#39;s Stadium","Southampton","Liverpool","1 - 2"
"37","19/05/2022 19:45","Goodison Park","Everton","Crystal Palace","3 - 2"
"37","19/05/2022 20:00","Villa Park","Aston Villa","Burnley","1 - 1"
"37","19/05/2022 20:00","Stamford Bridge","Chelsea","Leicester","1 - 1"
"38","22/05/2022 16:00","Emirates Stadium","Arsenal","Everton","5 - 1"
"38","22/05/2022 16:00","Brentford Community Stadium","Brentford","Leeds","1 - 2"
"38","22/05/2022 16:00","Amex Stadium","Brighton","West Ham","3 - 1"
"38","22/05/2022 16:00","Turf Moor","Burnley","Newcastle","1 - 2"
"38","22/05/2022 16:00","Stamford Bridge","Chelsea","Watford","2 - 1"
"38","22/05/2022 16:00","Selhurst Park","Crystal Palace","Man Utd","1 - 0"
"38","22/05/2022 16:00","King Power Stadium","Leicester","Southampton","4 - 1"
"38","22/05/2022 16:00","Anfield","Liverpool","Wolves","3 - 1"
"38","22/05/2022 16:00","Etihad Stadium","Man City","Aston Villa","3 - 2"
"38","22/05/2022 16:00","Carrow Road","Norwich","Spurs","0 - 5"
